{"cameraMode":{"drawMode":0,"name":"Shaded","section":"Shading Mode"},"sceneLighting":true,"audioPlay":false,"sceneViewState":{"showFog":true,"showMaterialUpdate":false,"showSkybox":true,"showFlares":true,"showImageEffects":true,"showParticleSystems":true,"showVisualEffectGraphs":true,"m_FxEnabled":true},"in2DMode":false,"pivot":{"x":-1.5257289409637452,"y":0.9055813550949097,"z":1.9321293830871583},"rotation":{"x":-0.12976795434951783,"y":0.5336792469024658,"z":-0.08328118920326233,"w":-0.8315205574035645},"size":2.7626850605010988,"orthographic":false}