{"cameraMode":{"drawMode":0,"name":"Shaded","section":"Shading Mode"},"sceneLighting":true,"audioPlay":false,"sceneViewState":{"showFog":true,"showMaterialUpdate":false,"showSkybox":true,"showFlares":true,"showImageEffects":true,"showParticleSystems":true,"showVisualEffectGraphs":true,"m_FxEnabled":true},"in2DMode":false,"pivot":{"x":-0.5858644843101502,"y":0.610232949256897,"z":0.33253052830696108},"rotation":{"x":0.0025008481461554767,"y":-0.9930889010429382,"z":0.11552781611680985,"w":0.021777231246232988},"size":0.34146419167518618,"orthographic":false}