{"cameraMode":{"drawMode":0,"name":"Shaded","section":"Shading Mode"},"sceneLighting":true,"audioPlay":false,"sceneViewState":{"showFog":true,"showMaterialUpdate":false,"showSkybox":true,"showFlares":true,"showImageEffects":true,"showParticleSystems":true,"showVisualEffectGraphs":true,"m_FxEnabled":true},"in2DMode":false,"pivot":{"x":-15.039670944213868,"y":0.12561702728271485,"z":-0.9753456115722656},"rotation":{"x":-0.07307956367731095,"y":-0.9188936352729797,"z":0.20336854457855225,"w":-0.3301730751991272},"size":10.997812271118164,"orthographic":false}